MVI_39051_img00882.jpg,1,4
MVI_39051_img00884.jpg,1,4
MVI_39051_img00886.jpg,1,4
MVI_39051_img00888.jpg,1,4
MVI_39051_img00890.jpg,1,2
MVI_39051_img00892.jpg,1,2
MVI_39051_img00894.jpg,2,2
MVI_39051_img00896.jpg,2,2
MVI_39051_img00898.jpg,2,2
MVI_39051_img00900.jpg,1,2
MVI_39051_img00902.jpg,1,2
MVI_39051_img00904.jpg,1,2
MVI_39051_img00906.jpg,2,2
MVI_39051_img00908.jpg,2,2
MVI_39051_img00910.jpg,2,2
MVI_39051_img00912.jpg,2,2
MVI_39051_img00914.jpg,2,2
MVI_39051_img00916.jpg,1,2
MVI_39051_img00918.jpg,1,2
MVI_39051_img00920.jpg,0,2
MVI_39051_img00922.jpg,0,2
MVI_39051_img00924.jpg,0,1
MVI_39051_img00926.jpg,1,1
MVI_39051_img00928.jpg,0,1
MVI_39051_img00930.jpg,0,1
MVI_39051_img00932.jpg,1,1
MVI_39051_img00934.jpg,1,1
MVI_39051_img00936.jpg,1,1
MVI_39051_img00938.jpg,1,1
MVI_39051_img00940.jpg,1,1
MVI_39051_img00942.jpg,1,1
MVI_39051_img00944.jpg,1,1
MVI_39051_img00946.jpg,1,1
MVI_39051_img00948.jpg,1,1
MVI_39051_img00950.jpg,1,1
MVI_39051_img00952.jpg,1,1
MVI_39051_img00954.jpg,1,1
MVI_39051_img00956.jpg,1,1
MVI_39051_img00958.jpg,1,1
MVI_39051_img00960.jpg,1,1
MVI_39051_img00962.jpg,1,1
MVI_39051_img00964.jpg,1,1
MVI_39051_img00966.jpg,1,1
MVI_39051_img00968.jpg,1,1
MVI_39051_img00970.jpg,1,1
MVI_39051_img00972.jpg,1,1
MVI_39051_img00974.jpg,1,1
MVI_39051_img00976.jpg,1,1
MVI_39051_img00978.jpg,1,1
MVI_39051_img00980.jpg,1,1
MVI_39051_img00982.jpg,1,1
MVI_39051_img00984.jpg,1,1
MVI_39051_img00986.jpg,0,1
MVI_39051_img00988.jpg,0,1
MVI_39051_img00990.jpg,0,1
MVI_39051_img00992.jpg,0,0
MVI_39051_img00994.jpg,0,0
MVI_39051_img00996.jpg,0,0
MVI_39051_img00998.jpg,0,0
MVI_39051_img01000.jpg,0,0
MVI_39051_img01002.jpg,0,0
MVI_39051_img01004.jpg,0,0
MVI_39051_img01006.jpg,0,0
MVI_39051_img01008.jpg,0,0
MVI_39051_img01010.jpg,0,0
MVI_39051_img01012.jpg,0,0
MVI_39051_img01014.jpg,0,0
MVI_39051_img01016.jpg,0,0
MVI_39051_img01018.jpg,0,0
MVI_39051_img01020.jpg,0,0
MVI_39051_img01022.jpg,0,0
MVI_39051_img01024.jpg,0,0
MVI_39051_img01026.jpg,0,0
MVI_39051_img01028.jpg,0,0
MVI_39051_img01030.jpg,0,0
MVI_39051_img01032.jpg,0,0
MVI_39051_img01034.jpg,0,1
MVI_39051_img01036.jpg,0,1
MVI_39051_img01038.jpg,0,1
MVI_39051_img01040.jpg,0,1
MVI_39371_img01095.jpg,2,7
MVI_39371_img01097.jpg,2,7
MVI_39371_img01099.jpg,2,6
MVI_39371_img01101.jpg,2,5
MVI_39371_img01103.jpg,2,7
MVI_39371_img01105.jpg,2,6
MVI_39371_img01107.jpg,2,6
MVI_39371_img01109.jpg,2,7
MVI_39371_img01111.jpg,2,7
MVI_39371_img01113.jpg,3,6
MVI_39371_img01115.jpg,2,6
MVI_39371_img01117.jpg,2,6
MVI_39371_img01119.jpg,2,6
MVI_39371_img01121.jpg,2,7
MVI_39371_img01123.jpg,2,6
MVI_39371_img01125.jpg,2,6
MVI_39371_img01127.jpg,2,7
MVI_39371_img01129.jpg,2,6
MVI_39371_img01131.jpg,2,7
MVI_39371_img01133.jpg,2,7
MVI_39371_img01135.jpg,2,7
MVI_39371_img01137.jpg,2,6
MVI_39371_img01139.jpg,2,7
MVI_39371_img01141.jpg,2,7
MVI_39371_img01143.jpg,2,8
MVI_39371_img01145.jpg,2,7
MVI_39371_img01147.jpg,2,6
MVI_39371_img01149.jpg,2,6
MVI_39371_img01151.jpg,2,6
MVI_39371_img01153.jpg,1,6
MVI_39371_img01155.jpg,3,6
MVI_39371_img01157.jpg,2,5
MVI_39371_img01159.jpg,2,5
MVI_39371_img01161.jpg,3,4
MVI_39371_img01163.jpg,3,4
MVI_39371_img01165.jpg,3,4
MVI_39371_img01167.jpg,2,5
MVI_39371_img01169.jpg,1,5
MVI_39371_img01171.jpg,3,5
MVI_39371_img01173.jpg,3,4
